./videos/0.mp4,118,189
./videos/1.mp4,113,181
./videos/2.mp4,106,170
./videos/3.mp4,118,189
./videos/4.mp4,98,157
./videos/5.mp4,118,189
./videos/6.mp4,95,152
./videos/7.mp4,118,189
./videos/8.mp4,121,194
./videos/9.mp4,106,170
./videos/10.mp4,104,167
./videos/11.mp4,101,162
./videos/12.mp4,105,168
./videos/13.mp4,119,191
./videos/14.mp4,100,160
./videos/15.mp4,102,164
./videos/16.mp4,100,160
./videos/17.mp4,111,178
./videos/18.mp4,120,193
./videos/19.mp4,110,177
./videos/20.mp4,103,165
./videos/21.mp4,119,191
./videos/22.mp4,107,172
./videos/23.mp4,93,149
./videos/24.mp4,121,194
./videos/25.mp4,120,193
./videos/26.mp4,123,197
./videos/27.mp4,118,189
./videos/28.mp4,124,199
./videos/29.mp4,119,191
./videos/30.mp4,117,188
./videos/31.mp4,100,160
./videos/32.mp4,97,156
./videos/33.mp4,119,191
./videos/34.mp4,89,143
./videos/35.mp4,119,191
./videos/36.mp4,94,151
./videos/37.mp4,105,168
./videos/38.mp4,124,199
./videos/39.mp4,121,194
./videos/40.mp4,109,175
./videos/41.mp4,103,165
./videos/42.mp4,118,189
./videos/43.mp4,125,201
./videos/44.mp4,96,154
./videos/45.mp4,125,201
./videos/46.mp4,120,193
./videos/47.mp4,110,177
./videos/48.mp4,116,186
./videos/49.mp4,111,178
./videos/50.mp4,92,148
./videos/51.mp4,123,197
./videos/52.mp4,118,189
./videos/53.mp4,106,170
./videos/54.mp4,98,157
./videos/55.mp4,118,189
./videos/56.mp4,112,180
./videos/57.mp4,122,196
./videos/58.mp4,107,172
./videos/59.mp4,96,154
./videos/60.mp4,108,173
./videos/61.mp4,120,193
./videos/62.mp4,98,157
./videos/63.mp4,96,154
./videos/64.mp4,121,194
./videos/65.mp4,122,196
./videos/66.mp4,118,189
./videos/67.mp4,105,168
./videos/68.mp4,106,170
./videos/69.mp4,114,183
./videos/70.mp4,119,191
./videos/71.mp4,109,175
./videos/72.mp4,120,193
./videos/73.mp4,100,160
./videos/74.mp4,99,159
./videos/75.mp4,119,191
./videos/76.mp4,112,180
./videos/77.mp4,120,193
./videos/78.mp4,120,193
./videos/79.mp4,119,191
./videos/80.mp4,101,162
./videos/81.mp4,119,191
./videos/82.mp4,100,160
./videos/83.mp4,105,168
./videos/84.mp4,120,193
./videos/85.mp4,93,149
./videos/86.mp4,121,194
./videos/87.mp4,105,168
./videos/88.mp4,94,151
./videos/89.mp4,104,167
./videos/90.mp4,119,191
./videos/91.mp4,117,188
./videos/92.mp4,124,199
./videos/93.mp4,122,196
./videos/94.mp4,91,146
./videos/95.mp4,119,191
./videos/96.mp4,91,146
./videos/97.mp4,121,194
./videos/98.mp4,120,193
./videos/99.mp4,105,168
